,state,year,season,beekeepers,total_loss,average_loss,starting_colonies,colonies_lost,ending_colonies,beekeepers_exclusive_to_state,colonies_exclusive_to_state,colonies_net_gain,beekeeper_colony_ratio,ansi,latitude,longitude
0,alabama,2022,annual,33,36.48881239,34.2600962,316,212,369,100.0,100.0,53,11.181818181818182,1,32.806671,-86.79113
1,arkansas,2022,annual,17,49.41176471,52.8698967,148,126,129,100.0,100.0,-19,7.588235294117647,5,34.969704,-92.373123
2,california,2022,annual,60,20.70677204,46.20570026,42034,11555,44248,100.0,100.0,2214,737.4666666666667,6,36.116203,-119.681564
3,colorado,2022,annual,90,53.22777101,40.62043175,379,437,384,100.0,100.0,5,4.266666666666667,8,39.059811,-105.311104
4,connecticut,2022,annual,28,33.86243386,38.14756205,88,64,125,100.0,100.0,37,4.464285714285714,9,41.597782,-72.755371
5,district_of_columbia,2022,annual,18,58.94039735,46.52116402,73,89,62,100.0,100.0,-11,3.4444444444444446,11,38.897438,-77.026817
6,florida,2022,annual,27,38.46153846,31.33893942,136,95,152,100.0,100.0,16,5.62962962962963,12,27.766279,-81.686783
7,georgia,2022,annual,73,47.92207792,51.4860078,407,369,401,100.0,100.0,-6,5.493150684931507,13,33.040619,-83.643074
8,idaho,2022,annual,17,67.04980843,68.52733067,114,175,86,100.0,100.0,-28,5.0588235294117645,16,44.240459,-114.478828
9,illinois,2022,annual,54,52.81803543,61.74637459,339,328,293,100.0,100.0,-46,5.425925925925926,17,40.349457,-88.986137
10,indiana,2022,annual,108,70.74707471,51.72681704,789,1572,650,100.0,100.0,-139,6.018518518518518,18,39.849426,-86.258278
11,iowa,2022,annual,55,73.4059098,58.32582227,649,944,342,100.0,100.0,-307,6.218181818181818,19,42.011539,-93.210526
12,kansas,2022,annual,25,35.73085847,40.8880223,287,154,277,100.0,100.0,-10,11.08,20,38.5266,-96.726486
13,kentucky,2022,annual,45,60.1297765,46.65755708,641,834,553,100.0,100.0,-88,12.28888888888889,21,37.66814,-84.670067
14,maine,2022,annual,34,59.87654321,49.62367449,259,291,195,100.0,100.0,-64,5.735294117647059,23,44.693947,-69.381927
15,maryland,2022,annual,109,43.03030303,47.302352,553,426,564,100.0,100.0,11,5.174311926605505,24,39.063946,-76.802101
16,massachusetts,2022,annual,100,58.46518987,55.94736291,898,739,525,100.0,100.0,-373,5.25,25,42.230171,-71.530106
17,michigan,2022,annual,152,59.35294118,62.85193645,826,1009,691,100.0,100.0,-135,4.546052631578948,26,43.326618,-84.536095
18,minnesota,2022,annual,68,75.96059113,79.16911503,492,771,244,100.0,100.0,-248,3.588235294117647,27,45.694454,-93.900192
19,missouri,2022,annual,58,35.88850174,34.58802874,352,206,368,100.0,100.0,16,6.344827586206897,29,38.456085,-92.288368
20,montana,2022,annual,15,68.47826087,73.08537759,55,63,29,100.0,100.0,-26,1.9333333333333333,30,46.921925,-110.454353
21,nebraska,2022,annual,31,68.30437388,57.31501278,1889,5700,2645,100.0,100.0,756,85.3225806451613,31,41.12537,-98.268082
22,new_hampshire,2022,annual,30,51.05485232,46.32901226,124,121,116,100.0,100.0,-8,3.8666666666666667,33,43.452492,-71.563896
23,new_jersey,2022,annual,50,47.61120264,48.38930106,337,289,318,100.0,100.0,-19,6.36,34,40.298904,-74.521011
24,new_mexico,2022,annual,12,32.5,36.75411598,44,26,54,100.0,100.0,10,4.5,35,34.840515,-106.248482
25,new_york,2022,annual,67,45.42586751,47.30705943,343,288,346,100.0,100.0,3,5.164179104477612,36,42.165726,-74.948051
26,north_carolina,2022,annual,103,37.5464684,42.43725511,1708,909,1512,100.0,100.0,-196,14.679611650485437,37,35.630066,-79.806419
27,ohio,2022,annual,138,56.61815662,53.83495942,753,817,626,100.0,100.0,-127,4.536231884057971,39,40.388783,-82.764915
28,oklahoma,2022,annual,18,50.2617801,49.48996265,133,96,95,100.0,100.0,-38,5.277777777777778,40,35.565342,-96.928917
29,oregon,2022,annual,95,53.05446422,55.11006438,6006,6887,6094,100.0,100.0,88,64.14736842105263,41,44.572021,-122.070938
30,pennsylvania,2022,annual,251,56.06060606,53.38908861,1533,1591,1247,100.0,100.0,-286,4.968127490039841,42,40.590752,-77.209755
31,rhode_island,2022,annual,15,54.22535211,57.52332852,75,77,65,100.0,100.0,-10,4.333333333333333,44,41.680893,-71.51178
32,south_carolina,2022,annual,35,54.75638051,48.363928,253,236,195,100.0,100.0,-58,5.571428571428571,45,33.856892,-80.945007
33,tennessee,2022,annual,53,54.72727273,52.27266034,302,301,249,100.0,100.0,-53,4.69811320754717,47,35.747845,-86.692345
34,texas,2022,annual,56,49.89049496,32.30238316,1446,1139,1144,100.0,100.0,-302,20.428571428571427,48,31.054487,-97.563461
35,utah,2022,annual,43,62.18375499,51.33251996,251,467,284,100.0,100.0,33,6.604651162790698,49,40.150032,-111.862434
36,vermont,2022,annual,18,57.95356836,59.79992976,595,674,489,100.0,100.0,-106,27.166666666666668,50,44.045876,-72.710686
37,virginia,2022,annual,222,48.54469854,51.63492436,1891,1401,1485,100.0,100.0,-406,6.6891891891891895,51,37.769337,-78.169968
38,washington,2022,annual,62,56.67613636,62.49752425,358,399,305,100.0,100.0,-53,4.919354838709677,53,47.400902,-121.490494
39,west_virginia,2022,annual,22,68.08510638,61.0130851,274,352,165,100.0,100.0,-109,7.5,54,38.491226,-80.954453
40,wisconsin,2022,annual,82,70.94932191,70.24908717,664,994,407,100.0,100.0,-257,4.963414634146342,55,44.268543,-89.616508
41,alabama,2021,annual,48,47.49744637,51.38264056,644,465,514,100.0,100.0,-130,10.708333333333334,1,32.806671,-86.79113
42,arkansas,2021,annual,18,63.23185012,49.08321548,198,270,157,100.0,100.0,-41,8.722222222222221,5,34.969704,-92.373123
43,california,2021,annual,68,27.84539545,49.13624907,12226,6383,16540,100.0,100.0,4314,243.23529411764707,6,36.116203,-119.681564
44,colorado,2021,annual,47,57.22891566,57.41097662,204,190,142,100.0,100.0,-62,3.021276595744681,8,39.059811,-105.311104
45,connecticut,2021,annual,43,69.1588785,64.25790295,163,222,99,100.0,100.0,-64,2.302325581395349,9,41.597782,-72.755371
46,delaware,2021,annual,11,52.56410256,53.48484848,35,41,37,100.0,100.0,2,3.3636363636363638,10,39.318523,-75.507141
47,florida,2021,annual,137,84.91404066,33.85516986,7843,22177,3940,100.0,100.0,-3903,28.759124087591243,12,27.766279,-81.686783
48,georgia,2021,annual,104,60.43209877,53.87015945,854,979,641,100.0,100.0,-213,6.163461538461538,13,33.040619,-83.643074
49,idaho,2021,annual,16,67.31707317,65.56314399,91,138,67,100.0,100.0,-24,4.1875,16,44.240459,-114.478828
50,illinois,2021,annual,55,59.18057663,64.21328958,358,390,269,100.0,100.0,-89,4.890909090909091,17,40.349457,-88.986137
51,indiana,2021,annual,53,33.52826511,48.78253891,652,344,682,100.0,100.0,30,12.867924528301886,18,39.849426,-86.258278
52,iowa,2021,annual,32,81.97916667,58.6654039,240,787,173,100.0,100.0,-67,5.40625,19,42.011539,-93.210526
53,kentucky,2021,annual,58,51.28834356,41.69040814,406,418,397,100.0,100.0,-9,6.844827586206897,21,37.66814,-84.670067
54,maine,2021,annual,48,48.87983707,51.7013253,254,240,251,100.0,100.0,-3,5.229166666666667,23,44.693947,-69.381927
55,maryland,2021,annual,116,48.57142857,53.64755977,672,561,594,100.0,100.0,-78,5.120689655172414,24,39.063946,-76.802101
56,massachusetts,2021,annual,106,65.48895899,58.36027045,2054,2076,1094,100.0,100.0,-960,10.320754716981131,25,42.230171,-71.530106
57,michigan,2021,annual,125,47.82345828,59.30569996,815,791,863,100.0,100.0,48,6.904,26,43.326618,-84.536095
58,minnesota,2021,annual,54,70.25572005,62.15517578,344,522,221,100.0,100.0,-123,4.092592592592593,27,45.694454,-93.900192
59,missouri,2021,annual,51,43.79358438,38.94031461,469,314,403,100.0,100.0,-66,7.901960784313726,29,38.456085,-92.288368
60,montana,2021,annual,14,37.81094527,38.28754579,167,76,125,100.0,100.0,-42,8.928571428571429,30,46.921925,-110.454353
61,new_hampshire,2021,annual,26,53.98773006,57.68950067,104,88,75,100.0,100.0,-29,2.8846153846153846,33,43.452492,-71.563896
62,new_jersey,2021,annual,49,46.16895874,49.75624515,304,235,274,100.0,100.0,-30,5.591836734693878,34,40.298904,-74.521011
63,new_york,2021,annual,85,53.56750823,57.65261258,577,488,423,100.0,100.0,-154,4.976470588235294,36,42.165726,-74.948051
64,north_carolina,2021,annual,87,52.2515528,45.46313685,830,673,615,100.0,100.0,-215,7.068965517241379,37,35.630066,-79.806419
65,ohio,2021,annual,84,57.04142012,55.64453821,437,482,363,100.0,100.0,-74,4.321428571428571,39,40.388783,-82.764915
66,oklahoma,2021,annual,25,61.98501873,61.85906316,326,331,203,100.0,100.0,-123,8.12,40,35.565342,-96.928917
67,oregon,2021,annual,58,47.5177305,49.95495862,250,201,222,100.0,100.0,-28,3.8275862068965516,41,44.572021,-122.070938
68,pennsylvania,2021,annual,469,54.02436589,60.43566262,2729,2705,2302,100.0,100.0,-427,4.908315565031983,42,40.590752,-77.209755
69,south_carolina,2021,annual,20,54.02298851,45.00793651,128,94,80,100.0,100.0,-48,4.0,45,33.856892,-80.945007
70,tennessee,2021,annual,55,52.35173824,50.90655342,285,256,233,100.0,100.0,-52,4.236363636363636,47,35.747845,-86.692345
71,texas,2021,annual,129,43.03147078,41.57309353,2052,1340,1774,100.0,100.0,-278,13.751937984496124,48,31.054487,-97.563461
72,utah,2021,annual,52,74.00881057,74.37877753,246,336,118,100.0,100.0,-128,2.269230769230769,49,40.150032,-111.862434
73,vermont,2021,annual,19,65.03496503,76.55884094,150,186,100,100.0,100.0,-50,5.2631578947368425,50,44.045876,-72.710686
74,virginia,2021,annual,151,42.10805085,55.42836239,1145,795,1093,100.0,100.0,-52,7.23841059602649,51,37.769337,-78.169968
75,washington,2021,annual,60,57.0984456,59.11753367,556,551,414,100.0,100.0,-142,6.9,53,47.400902,-121.490494
76,west_virginia,2021,annual,29,46.65391969,45.06356236,253,244,279,100.0,100.0,26,9.620689655172415,54,38.491226,-80.954453
77,wisconsin,2021,annual,55,58.59872611,59.01994293,469,460,325,100.0,100.0,-144,5.909090909090909,55,44.268543,-89.616508
78,alabama,2020,annual,60,45.85300067,43.48312868,783,680,803,100.0,100.0,20,13.383333333333333,1,32.806671,-86.79113
79,arkansas,2020,annual,25,37.1541502,38.53073891,202,188,318,100.0,100.0,116,12.72,5,34.969704,-92.373123
80,california,2020,annual,63,13.14652168,45.02352766,36562,6601,43610,100.0,100.0,7048,692.2222222222222,6,36.116203,-119.681564
81,colorado,2020,annual,59,54.15162455,48.61985692,281,300,254,100.0,100.0,-27,4.305084745762712,8,39.059811,-105.311104
82,connecticut,2020,annual,32,57.0,50.79047255,168,171,129,100.0,100.0,-39,4.03125,9,41.597782,-72.755371
83,delaware,2020,annual,11,50.56179775,50.07329791,44,45,44,100.0,100.0,0,4.0,10,39.318523,-75.507141
84,florida,2020,annual,21,37.81094527,38.85229895,104,76,125,100.0,100.0,21,5.9523809523809526,12,27.766279,-81.686783
85,georgia,2020,annual,70,44.88802337,40.30031763,544,461,566,100.0,100.0,22,8.085714285714285,13,33.040619,-83.643074
86,idaho,2020,annual,16,46.82080925,46.59532563,103,81,92,100.0,100.0,-11,5.75,16,44.240459,-114.478828
87,illinois,2020,annual,37,40.4432133,48.3489036,221,146,215,100.0,100.0,-6,5.8108108108108105,17,40.349457,-88.986137
88,indiana,2020,annual,62,35.14190317,42.3616707,647,421,777,100.0,100.0,130,12.53225806451613,18,39.849426,-86.258278
89,iowa,2020,annual,34,70.32258065,47.56165947,166,545,230,100.0,100.0,64,6.764705882352941,19,42.011539,-93.210526
90,kansas,2020,annual,22,34.30232558,33.83202282,220,118,226,100.0,100.0,6,10.272727272727273,20,38.5266,-96.726486
91,kentucky,2020,annual,67,46.8973747,45.22350269,484,393,445,100.0,100.0,-39,6.641791044776119,21,37.66814,-84.670067
92,maine,2020,annual,45,31.01160862,35.26468968,297,187,416,100.0,100.0,119,9.244444444444444,23,44.693947,-69.381927
93,maryland,2020,annual,128,43.29132691,48.19298574,728,584,765,100.0,100.0,37,5.9765625,24,39.063946,-76.802101
94,massachusetts,2020,annual,49,39.02439024,44.52718724,282,176,275,100.0,100.0,-7,5.612244897959184,25,42.230171,-71.530106
95,michigan,2020,annual,128,52.37762238,55.90646918,651,749,681,100.0,100.0,30,5.3203125,26,43.326618,-84.536095
96,minnesota,2020,annual,36,57.63546798,63.74502023,249,351,258,100.0,100.0,9,7.166666666666667,27,45.694454,-93.900192
97,missouri,2020,annual,69,32.78911565,34.13778645,390,241,494,100.0,100.0,104,7.159420289855072,29,38.456085,-92.288368
98,montana,2020,annual,18,36.58536585,29.06565657,65,45,78,100.0,100.0,13,4.333333333333333,30,46.921925,-110.454353
99,nevada,2020,annual,11,51.23966942,43.38098176,51,62,59,100.0,100.0,8,5.363636363636363,32,38.313515,-117.055374
100,new_hampshire,2020,annual,30,42.63565891,40.58531777,137,110,148,100.0,100.0,11,4.933333333333334,33,43.452492,-71.563896
101,new_jersey,2020,annual,48,27.37920937,37.76699371,415,187,496,100.0,100.0,81,10.333333333333334,34,40.298904,-74.521011
102,new_mexico,2020,annual,11,58.33333333,54.84848485,36,49,35,100.0,100.0,-1,3.1818181818181817,35,34.840515,-106.248482
103,new_york,2020,annual,66,56.56154629,50.73351064,476,556,427,100.0,100.0,-49,6.46969696969697,36,42.165726,-74.948051
104,north_carolina,2020,annual,118,38.23529412,41.74675949,1063,637,1029,100.0,100.0,-34,8.720338983050848,37,35.630066,-79.806419
105,ohio,2020,annual,123,49.39759036,45.97477972,845,738,756,100.0,100.0,-89,6.146341463414634,39,40.388783,-82.764915
106,oklahoma,2020,annual,25,24.56896552,30.63669387,155,57,175,100.0,100.0,20,7.0,40,35.565342,-96.928917
107,oregon,2020,annual,66,41.56682028,46.29026759,505,451,634,100.0,100.0,129,9.606060606060606,41,44.572021,-122.070938
108,pennsylvania,2020,annual,459,44.87034949,51.07147776,2501,2388,2934,100.0,100.0,433,6.392156862745098,42,40.590752,-77.209755
109,south_carolina,2020,annual,39,35.9922179,42.34241416,314,185,329,100.0,100.0,15,8.435897435897436,45,33.856892,-80.945007
110,tennessee,2020,annual,40,44.11177645,44.29874741,279,221,280,100.0,100.0,1,7.0,47,35.747845,-86.692345
111,texas,2020,annual,75,27.11670481,28.68574795,524,237,637,100.0,100.0,113,8.493333333333334,48,31.054487,-97.563461
112,utah,2020,annual,51,51.12540193,43.56862197,330,318,304,100.0,100.0,-26,5.96078431372549,49,40.150032,-111.862434
113,vermont,2020,annual,23,38.14016173,36.37735997,1042,566,918,100.0,100.0,-124,39.91304347826087,50,44.045876,-72.710686
114,virginia,2020,annual,218,45.39607312,46.0736637,1412,1341,1613,100.0,100.0,201,7.39908256880734,51,37.769337,-78.169968
115,washington,2020,annual,48,42.43964422,58.55023315,308,334,453,100.0,100.0,145,9.4375,53,47.400902,-121.490494
116,west_virginia,2020,annual,16,52.48447205,53.23775231,186,169,153,100.0,100.0,-33,9.5625,54,38.491226,-80.954453
117,wisconsin,2020,annual,49,60.33994334,53.02552042,578,852,560,100.0,100.0,-18,11.428571428571429,55,44.268543,-89.616508
118,alabama,2019,annual,60,32.44362632,29.99459758,1398,705,1468,100.0,100.0,70,24.466666666666665,1,32.806671,-86.79113
119,arkansas,2019,annual,42,39.26056338,44.34189268,394,223,345,100.0,100.0,-49,8.214285714285714,5,34.969704,-92.373123
120,california,2019,annual,73,39.40192692,50.53959932,18379,8670,13334,100.0,100.0,-5045,182.65753424657535,6,36.116203,-119.681564
121,colorado,2019,annual,96,51.77993528,52.29646638,381,320,298,100.0,100.0,-83,3.1041666666666665,8,39.059811,-105.311104
122,connecticut,2019,annual,20,39.63963964,47.21428571,60,44,67,100.0,100.0,7,3.35,9,41.597782,-72.755371
123,delaware,2019,annual,12,52.89256198,54.3013468,83,64,57,100.0,100.0,-26,4.75,10,39.318523,-75.507141
124,florida,2019,annual,27,50.33971587,33.5443725,3072,3260,3216,100.0,100.0,144,119.11111111111111,12,27.766279,-81.686783
125,georgia,2019,annual,76,50.54347826,48.30683287,545,465,455,100.0,100.0,-90,5.9868421052631575,13,33.040619,-83.643074
126,idaho,2019,annual,14,32.43243243,58.49446187,1013,372,775,100.0,100.0,-238,55.357142857142854,16,44.240459,-114.478828
127,illinois,2019,annual,76,58.05687204,64.3444808,554,490,354,100.0,100.0,-200,4.657894736842105,17,40.349457,-88.986137
128,indiana,2019,annual,93,55.07662835,46.11225839,602,575,469,100.0,100.0,-133,5.043010752688172,18,39.849426,-86.258278
129,iowa,2019,annual,67,69.12820513,61.96408431,413,674,301,100.0,100.0,-112,4.492537313432836,19,42.011539,-93.210526
130,kansas,2019,annual,25,52.26337449,52.53716578,174,127,116,100.0,100.0,-58,4.64,20,38.5266,-96.726486
131,kentucky,2019,annual,84,40.15837104,45.72585849,563,355,529,100.0,100.0,-34,6.2976190476190474,21,37.66814,-84.670067
132,maine,2019,annual,49,42.35294118,48.50019142,197,144,196,100.0,100.0,-1,4.0,23,44.693947,-69.381927
133,maryland,2019,annual,155,40.23904382,45.4224999,574,404,600,100.0,100.0,26,3.870967741935484,24,39.063946,-76.802101
134,massachusetts,2019,annual,68,46.00760456,49.30685334,337,242,284,100.0,100.0,-53,4.176470588235294,25,42.230171,-71.530106
135,michigan,2019,annual,145,51.0076442,49.71708345,736,734,705,100.0,100.0,-31,4.862068965517241,26,43.326618,-84.536095
136,minnesota,2019,annual,65,66.16541353,67.54810731,236,264,135,100.0,100.0,-101,2.076923076923077,27,45.694454,-93.900192
137,missouri,2019,annual,74,34.11371237,33.34596026,399,204,394,100.0,100.0,-5,5.324324324324325,29,38.456085,-92.288368
138,montana,2019,annual,14,31.66666667,43.5515873,41,19,41,100.0,100.0,0,2.9285714285714284,30,46.921925,-110.454353
139,nebraska,2019,annual,11,52.34375,65.99844975,71,67,61,100.0,100.0,-10,5.545454545454546,31,41.12537,-98.268082
140,nevada,2019,annual,15,71.72413793,57.94754265,90,104,41,100.0,100.0,-49,2.7333333333333334,32,38.313515,-117.055374
141,new_hampshire,2019,annual,29,45.01992032,51.33481128,111,113,138,100.0,100.0,27,4.758620689655173,33,43.452492,-71.563896
142,new_jersey,2019,annual,50,39.17355372,55.28500667,426,237,368,100.0,100.0,-58,7.36,34,40.298904,-74.521011
143,new_mexico,2019,annual,13,52.88461538,73.75630948,57,55,49,100.0,100.0,-8,3.769230769230769,35,34.840515,-106.248482
144,new_york,2019,annual,98,45.24793388,48.92177641,548,438,530,100.0,100.0,-18,5.408163265306122,36,42.165726,-74.948051
145,north_carolina,2019,annual,175,32.56561328,42.23119382,933,608,1259,100.0,100.0,326,7.194285714285714,37,35.630066,-79.806419
146,ohio,2019,annual,140,31.82100684,37.46356986,898,512,1097,100.0,100.0,199,7.835714285714285,39,40.388783,-82.764915
147,oklahoma,2019,annual,58,45.75163399,37.70851177,325,280,332,100.0,100.0,7,5.724137931034483,40,35.565342,-96.928917
148,oregon,2019,annual,88,53.12264861,57.5383086,787,706,623,100.0,100.0,-164,7.079545454545454,41,44.572021,-122.070938
149,pennsylvania,2019,annual,475,47.80148019,52.34183402,2668,2196,2398,100.0,100.0,-270,5.048421052631579,42,40.590752,-77.209755
150,rhode_island,2019,annual,13,32.8125,27.89127539,30,21,43,100.0,100.0,13,3.3076923076923075,44,41.680893,-71.51178
151,south_carolina,2019,annual,30,40.90909091,37.84206802,161,135,195,100.0,100.0,34,6.5,45,33.856892,-80.945007
152,tennessee,2019,annual,57,50.0,42.48668736,609,516,516,100.0,100.0,-93,9.052631578947368,47,35.747845,-86.692345
153,texas,2019,annual,104,40.34690799,31.98602877,980,535,791,100.0,100.0,-189,7.605769230769231,48,31.054487,-97.563461
154,utah,2019,annual,91,65.52901024,66.34830554,345,384,202,100.0,100.0,-143,2.21978021978022,49,40.150032,-111.862434
155,vermont,2019,annual,35,27.41390952,65.76883214,874,406,1075,100.0,100.0,201,30.714285714285715,50,44.045876,-72.710686
156,virginia,2019,annual,486,41.13005854,49.83624507,2120,1616,2313,100.0,100.0,193,4.7592592592592595,51,37.769337,-78.169968
157,washington,2019,annual,105,68.50672328,68.77198509,898,968,445,100.0,100.0,-453,4.238095238095238,53,47.400902,-121.490494
158,west_virginia,2019,annual,35,40.22988506,51.30141713,224,175,260,100.0,100.0,36,7.428571428571429,54,38.491226,-80.954453
159,wisconsin,2019,annual,77,62.9365645,59.35651855,741,883,520,100.0,100.0,-221,6.753246753246753,55,44.268543,-89.616508
160,alabama,2018,annual,50,46.12314709,39.93494041,1220,809,945,100.0,100.0,-275,18.9,1,32.806671,-86.79113
161,arkansas,2018,annual,29,54.48028674,41.69122484,1029,912,762,100.0,100.0,-267,26.275862068965516,5,34.969704,-92.373123
162,california,2018,annual,72,53.98814336,41.77643632,3457,4007,3415,100.0,100.0,-42,47.43055555555556,6,36.116203,-119.681564
163,colorado,2018,annual,77,54.57746479,55.43183822,338,310,258,100.0,100.0,-80,3.3506493506493507,8,39.059811,-105.311104
164,connecticut,2018,annual,32,70.07481297,63.95128494,148,281,120,100.0,100.0,-28,3.75,9,41.597782,-72.755371
165,delaware,2018,annual,17,48.11320755,67.67507003,64,51,55,100.0,100.0,-9,3.235294117647059,10,39.318523,-75.507141
166,florida,2018,annual,40,56.84695052,39.55972892,481,494,375,100.0,100.0,-106,9.375,12,27.766279,-81.686783
167,georgia,2018,annual,121,66.31837738,56.84391277,867,1079,548,100.0,100.0,-319,4.528925619834711,13,33.040619,-83.643074
168,idaho,2018,annual,22,31.81818182,41.42119244,319,161,345,100.0,100.0,26,15.681818181818182,16,44.240459,-114.478828
169,illinois,2018,annual,98,58.51239669,60.33101684,709,708,502,100.0,100.0,-207,5.122448979591836,17,40.349457,-88.986137
170,indiana,2018,annual,110,44.695543,53.27159036,1020,712,881,100.0,100.0,-139,8.00909090909091,18,39.849426,-86.258278
171,iowa,2018,annual,79,56.74418605,59.36542746,354,366,279,100.0,100.0,-75,3.5316455696202533,19,42.011539,-93.210526
172,kansas,2018,annual,23,41.6893733,38.45780427,216,153,214,100.0,100.0,-2,9.304347826086957,20,38.5266,-96.726486
173,kentucky,2018,annual,92,51.85929648,46.21584134,1018,1032,958,100.0,100.0,-60,10.41304347826087,21,37.66814,-84.670067
174,maine,2018,annual,57,56.90072639,53.92077155,243,235,178,100.0,100.0,-65,3.1228070175438596,23,44.693947,-69.381927
175,maryland,2018,annual,114,65.82417582,64.83402914,470,599,311,100.0,100.0,-159,2.7280701754385963,24,39.063946,-76.802101
176,massachusetts,2018,annual,80,65.00254712,56.71389777,1327,1276,687,100.0,100.0,-640,8.5875,25,42.230171,-71.530106
177,michigan,2018,annual,186,61.67209555,68.87701081,1093,1136,706,100.0,100.0,-387,3.795698924731183,26,43.326618,-84.536095
178,minnesota,2018,annual,71,75.40307462,73.07517615,1305,2011,656,100.0,100.0,-649,9.23943661971831,27,45.694454,-93.900192
179,missouri,2018,annual,68,33.60655738,34.59129511,458,246,486,100.0,100.0,28,7.147058823529412,29,38.456085,-92.288368
180,montana,2018,annual,16,62.62626263,57.1875,68,62,37,100.0,100.0,-31,2.3125,30,46.921925,-110.454353
181,nevada,2018,annual,11,47.91666667,42.4498229,27,23,25,100.0,100.0,-2,2.272727272727273,32,38.313515,-117.055374
182,new_hampshire,2018,annual,39,47.21189591,49.79659518,153,127,142,100.0,100.0,-11,3.641025641025641,33,43.452492,-71.563896
183,new_jersey,2018,annual,65,45.41484716,58.38865122,469,312,375,100.0,100.0,-94,5.769230769230769,34,40.298904,-74.521011
184,new_mexico,2018,annual,16,69.86899563,52.91390034,67,160,69,100.0,100.0,2,4.3125,35,34.840515,-106.248482
185,new_york,2018,annual,113,46.52777778,52.78945576,820,737,847,100.0,100.0,27,7.495575221238938,36,42.165726,-74.948051
186,north_carolina,2018,annual,230,53.94831299,59.8026024,1720,1503,1283,100.0,100.0,-437,5.578260869565217,37,35.630066,-79.806419
187,ohio,2018,annual,166,59.93975904,56.27231992,1072,1393,931,100.0,100.0,-141,5.608433734939759,39,40.388783,-82.764915
188,oklahoma,2018,annual,25,35.27508091,31.97509437,183,109,200,100.0,100.0,17,8.0,40,35.565342,-96.928917
189,oregon,2018,annual,88,54.84314568,43.11843471,6328,6381,5254,100.0,100.0,-1074,59.70454545454545,41,44.572021,-122.070938
190,pennsylvania,2018,annual,448,54.39572193,60.06015578,2351,2543,2132,100.0,100.0,-219,4.758928571428571,42,40.590752,-77.209755
191,rhode_island,2018,annual,12,62.02531646,68.14574315,47,49,30,100.0,100.0,-17,2.5,44,41.680893,-71.51178
192,south_carolina,2018,annual,55,50.17793594,54.81372015,354,282,280,100.0,100.0,-74,5.090909090909091,45,33.856892,-80.945007
193,tennessee,2018,annual,71,71.08190091,58.68016969,1185,1406,572,100.0,100.0,-613,8.056338028169014,47,35.747845,-86.692345
194,texas,2018,annual,77,33.7599025,36.66923121,1316,554,1087,100.0,100.0,-229,14.116883116883116,48,31.054487,-97.563461
195,utah,2018,annual,125,47.0681458,54.16516133,413,297,334,100.0,100.0,-79,2.672,49,40.150032,-111.862434
196,vermont,2018,annual,41,53.34645669,67.93562982,266,271,237,100.0,100.0,-29,5.780487804878049,50,44.045876,-72.710686
197,virginia,2018,annual,455,65.58231934,68.25751807,2339,2641,1386,100.0,100.0,-953,3.046153846153846,51,37.769337,-78.169968
198,washington,2018,annual,90,43.42663274,49.66667036,582,512,667,100.0,100.0,85,7.411111111111111,53,47.400902,-121.490494
199,west_virginia,2018,annual,43,61.32879046,56.30686011,338,360,227,100.0,100.0,-111,5.27906976744186,54,38.491226,-80.954453
200,wisconsin,2018,annual,111,74.86486486,80.34320375,845,1385,465,100.0,100.0,-380,4.1891891891891895,55,44.268543,-89.616508
201,alabama,2017,annual,37,34.75935829,42.73160449,358,195,366,100.0,100.0,8,9.891891891891891,1,32.806671,-86.79113
202,arkansas,2017,annual,29,35.26570048,34.37637264,296,146,268,100.0,100.0,-28,9.241379310344827,5,34.969704,-92.373123
203,california,2017,annual,103,28.77989581,33.99367758,49520,19446,48122,100.0,100.0,-1398,467.20388349514565,6,36.116203,-119.681564
204,colorado,2017,annual,86,48.28125,52.43931243,426,309,331,100.0,100.0,-95,3.8488372093023258,8,39.059811,-105.311104
205,connecticut,2017,annual,34,61.82669789,53.89471587,345,264,163,100.0,100.0,-182,4.794117647058823,9,41.597782,-72.755371
206,delaware,2017,annual,33,79.84084881,60.5105278,283,301,76,100.0,100.0,-207,2.303030303030303,10,39.318523,-75.507141
207,district_of_columbia,2017,annual,18,39.56043956,55.78347578,55,36,55,100.0,100.0,0,3.0555555555555554,11,38.897438,-77.026817
208,florida,2017,annual,51,43.63001745,42.09811391,1950,1250,1615,100.0,100.0,-335,31.666666666666668,12,27.766279,-81.686783
209,georgia,2017,annual,71,45.74698423,49.94683862,2111,1479,1754,100.0,100.0,-357,24.704225352112676,13,33.040619,-83.643074
210,idaho,2017,annual,25,29.18006431,58.50967477,951,363,881,100.0,100.0,-70,35.24,16,44.240459,-114.478828
211,illinois,2017,annual,92,58.86287625,60.89561314,465,528,369,100.0,100.0,-96,4.010869565217392,17,40.349457,-88.986137
212,indiana,2017,annual,99,41.38655462,40.86904746,529,394,558,100.0,100.0,29,5.636363636363637,18,39.849426,-86.258278
213,iowa,2017,annual,70,70.4238921,48.00871686,396,731,307,100.0,100.0,-89,4.385714285714286,19,42.011539,-93.210526
214,kansas,2017,annual,15,30.93922652,35.92784993,129,56,125,100.0,100.0,-4,8.333333333333334,20,38.5266,-96.726486
215,kentucky,2017,annual,47,57.69230769,39.03215055,567,630,462,100.0,100.0,-105,9.829787234042554,21,37.66814,-84.670067
216,louisiana,2017,annual,16,42.44105409,36.06805986,341,306,415,100.0,100.0,74,25.9375,22,31.169546,-91.867805
217,maine,2017,annual,61,47.9704797,57.61120615,340,260,282,100.0,100.0,-58,4.622950819672131,23,44.693947,-69.381927
218,maryland,2017,annual,115,58.32913941,48.35260264,1457,1159,828,100.0,100.0,-629,7.2,24,39.063946,-76.802101
219,massachusetts,2017,annual,82,48.36223507,52.68406411,315,251,268,100.0,100.0,-47,3.268292682926829,25,42.230171,-71.530106
220,michigan,2017,annual,133,47.88732394,62.21679983,1113,952,1036,100.0,100.0,-77,7.7894736842105265,26,43.326618,-84.536095
221,minnesota,2017,annual,69,38.99828767,57.82550067,1072,911,1425,100.0,100.0,353,20.652173913043477,27,45.694454,-93.900192
222,missouri,2017,annual,85,33.42592593,35.7865164,707,361,719,100.0,100.0,12,8.458823529411765,29,38.456085,-92.288368
223,montana,2017,annual,11,40.18691589,50.12415825,65,43,64,100.0,100.0,-1,5.818181818181818,30,46.921925,-110.454353
224,nebraska,2017,annual,14,65.45454545,65.14681425,150,180,95,100.0,100.0,-55,6.785714285714286,31,41.12537,-98.268082
225,nevada,2017,annual,12,68.75,66.63194444,76,77,35,100.0,100.0,-41,2.9166666666666665,32,38.313515,-117.055374
226,new_hampshire,2017,annual,46,68.98734177,64.54441397,192,218,98,100.0,100.0,-94,2.130434782608696,33,43.452492,-71.563896
227,new_jersey,2017,annual,69,50.18541409,43.98120636,450,406,403,100.0,100.0,-47,5.840579710144928,34,40.298904,-74.521011
228,new_mexico,2017,annual,18,38.80597015,62.50262055,85,52,82,100.0,100.0,-3,4.555555555555555,35,34.840515,-106.248482
229,new_york,2017,annual,132,59.72188339,54.63055271,2527,2448,1651,100.0,100.0,-876,12.507575757575758,36,42.165726,-74.948051
230,north_carolina,2017,annual,208,39.55488113,41.38608703,1306,782,1195,100.0,100.0,-111,5.7451923076923075,37,35.630066,-79.806419
231,ohio,2017,annual,228,39.53396524,48.61003175,1334,1001,1531,100.0,100.0,197,6.714912280701754,39,40.388783,-82.764915
232,oklahoma,2017,annual,28,25.31380753,24.16236298,677,242,714,100.0,100.0,37,25.5,40,35.565342,-96.928917
233,oregon,2017,annual,128,59.18918919,51.62537536,603,657,453,100.0,100.0,-150,3.5390625,41,44.572021,-122.070938
234,pennsylvania,2017,annual,567,59.06119028,62.18100389,3275,3523,2442,100.0,100.0,-833,4.306878306878307,42,40.590752,-77.209755
235,rhode_island,2017,annual,12,52.17391304,55.99206349,28,24,22,100.0,100.0,-6,1.8333333333333333,44,41.680893,-71.51178
236,south_carolina,2017,annual,50,37.37166324,39.3258291,316,182,305,100.0,100.0,-11,6.1,45,33.856892,-80.945007
237,tennessee,2017,annual,57,49.04086739,39.11155929,713,588,611,100.0,100.0,-102,10.719298245614034,47,35.747845,-86.692345
238,texas,2017,annual,126,27.66513057,25.29799651,3806,1801,4709,100.0,100.0,903,37.37301587301587,48,31.054487,-97.563461
239,utah,2017,annual,162,54.705365,66.33526726,610,622,515,100.0,100.0,-95,3.1790123456790123,49,40.150032,-111.862434
240,vermont,2017,annual,40,45.57124519,59.35621744,975,710,848,100.0,100.0,-127,21.2,50,44.045876,-72.710686
241,virginia,2017,annual,360,42.98128342,42.46802461,1783,1286,1706,100.0,100.0,-77,4.738888888888889,51,37.769337,-78.169968
242,washington,2017,annual,80,48.64864865,53.79735559,510,450,475,100.0,100.0,-35,5.9375,53,47.400902,-121.490494
243,west_virginia,2017,annual,49,27.68691589,32.7464086,501,237,619,100.0,100.0,118,12.63265306122449,54,38.491226,-80.954453
244,wisconsin,2017,annual,93,60.30664395,62.12490862,1360,1416,932,100.0,100.0,-428,10.021505376344086,55,44.268543,-89.616508
245,wyoming,2017,annual,14,46.08695652,46.21570423,70,53,62,100.0,100.0,-8,4.428571428571429,56,42.755966,-107.30249
246,alabama,2016,annual,42,26.9379845,26.33256373,349,139,377,100.0,100.0,28,8.976190476190476,1,32.806671,-86.79113
247,arkansas,2016,annual,33,28.60892388,25.70855134,212,109,272,100.0,100.0,60,8.242424242424242,5,34.969704,-92.373123
248,california,2016,annual,115,33.44980566,49.49553576,18484,8520,16951,100.0,100.0,-1533,147.4,6,36.116203,-119.681564
249,colorado,2016,annual,126,41.64733179,45.87595638,527,359,503,100.0,100.0,-24,3.992063492063492,8,39.059811,-105.311104
250,connecticut,2016,annual,62,44.61722488,48.90704004,541,373,463,100.0,100.0,-78,7.467741935483871,9,41.597782,-72.755371
251,delaware,2016,annual,16,42.39130435,43.05059524,57,39,53,100.0,100.0,-4,3.3125,10,39.318523,-75.507141
252,florida,2016,annual,52,59.63877182,37.58400274,4732,4953,3352,100.0,100.0,-1380,64.46153846153847,12,27.766279,-81.686783
253,georgia,2016,annual,60,41.03967168,35.7749054,446,300,431,100.0,100.0,-15,7.183333333333334,13,33.040619,-83.643074
254,idaho,2016,annual,28,27.37508797,59.4835274,1069,389,1032,100.0,100.0,-37,36.857142857142854,16,44.240459,-114.478828
255,illinois,2016,annual,123,46.54631083,51.46414618,711,593,681,100.0,100.0,-30,5.536585365853658,17,40.349457,-88.986137
256,indiana,2016,annual,150,39.4047619,42.85076693,988,662,1018,100.0,100.0,30,6.786666666666667,18,39.849426,-86.258278
257,iowa,2016,annual,46,61.47091109,49.26005066,346,560,351,100.0,100.0,5,7.630434782608695,19,42.011539,-93.210526
258,kansas,2016,annual,32,75.30040053,33.7604119,413,564,185,100.0,100.0,-228,5.78125,20,38.5266,-96.726486
259,kentucky,2016,annual,70,34.75609756,38.61407501,345,285,535,100.0,100.0,190,7.642857142857143,21,37.66814,-84.670067
260,louisiana,2016,annual,21,14.67625899,19.91505464,578,102,593,100.0,100.0,15,28.238095238095237,22,31.169546,-91.867805
261,maine,2016,annual,78,34.37945792,42.26789323,374,241,460,100.0,100.0,86,5.897435897435898,23,44.693947,-69.381927
262,maryland,2016,annual,119,57.02402957,48.17941007,1315,1234,930,100.0,100.0,-385,7.815126050420168,24,39.063946,-76.802101
263,massachusetts,2016,annual,108,56.59777424,50.21431451,981,712,546,100.0,100.0,-435,5.055555555555555,25,42.230171,-71.530106
264,michigan,2016,annual,192,52.26373626,58.69334106,1088,1189,1086,100.0,100.0,-2,5.65625,26,43.326618,-84.536095
265,minnesota,2016,annual,97,68.22548028,64.34996861,1640,2699,1257,100.0,100.0,-383,12.958762886597938,27,45.694454,-93.900192
266,missouri,2016,annual,118,33.78519291,34.67845052,623,324,635,100.0,100.0,12,5.38135593220339,29,38.456085,-92.288368
267,nebraska,2016,annual,13,28.69565217,40.87270697,127,66,164,100.0,100.0,37,12.615384615384615,31,41.12537,-98.268082
268,new_hampshire,2016,annual,43,33.203125,38.69792263,134,85,171,100.0,100.0,37,3.9767441860465116,33,43.452492,-71.563896
269,new_jersey,2016,annual,101,30.99327857,33.61212949,806,415,924,100.0,100.0,118,9.148514851485148,34,40.298904,-74.521011
270,new_mexico,2016,annual,15,56.33802817,53.16959064,71,80,62,100.0,100.0,-9,4.133333333333334,35,34.840515,-106.248482
271,new_york,2016,annual,134,27.23159194,38.89766591,1368,662,1769,100.0,100.0,401,13.201492537313433,36,42.165726,-74.948051
272,north_carolina,2016,annual,284,37.04785077,35.91851793,4046,2284,3881,100.0,100.0,-165,13.665492957746478,37,35.630066,-79.806419
273,ohio,2016,annual,230,43.90701162,42.17941764,1391,1171,1496,100.0,100.0,105,6.504347826086956,39,40.388783,-82.764915
274,oklahoma,2016,annual,37,66.44823067,44.15830183,593,507,256,100.0,100.0,-337,6.918918918918919,40,35.565342,-96.928917
275,oregon,2016,annual,120,60.2997228,42.49909123,6262,6961,4583,100.0,100.0,-1679,38.19166666666667,41,44.572021,-122.070938
276,pennsylvania,2016,annual,589,46.38699758,48.04714178,2436,2112,2441,100.0,100.0,5,4.144312393887946,42,40.590752,-77.209755
277,rhode_island,2016,annual,16,27.14285714,33.51190476,42,19,51,100.0,100.0,9,3.1875,44,41.680893,-71.51178
278,south_carolina,2016,annual,94,39.09090909,38.06385081,533,344,536,100.0,100.0,3,5.702127659574468,45,33.856892,-80.945007
279,tennessee,2016,annual,95,26.16580311,31.40015033,677,303,855,100.0,100.0,178,9.0,47,35.747845,-86.692345
280,texas,2016,annual,76,49.31623932,27.01901501,1308,1154,1186,100.0,100.0,-122,15.605263157894736,48,31.054487,-97.563461
281,utah,2016,annual,33,52.90322581,61.14576633,241,246,219,100.0,100.0,-22,6.636363636363637,49,40.150032,-111.862434
282,vermont,2016,annual,42,25.56770395,35.90221008,670,304,885,100.0,100.0,215,21.071428571428573,50,44.045876,-72.710686
283,virginia,2016,annual,541,42.99413958,45.18070418,2236,1614,2140,100.0,100.0,-96,3.955637707948244,51,37.769337,-78.169968
284,washington,2016,annual,110,58.1655481,57.29997919,774,780,561,100.0,100.0,-213,5.1,53,47.400902,-121.490494
285,west_virginia,2016,annual,50,41.51260504,41.74504595,359,247,348,100.0,100.0,-11,6.96,54,38.491226,-80.954453
286,wisconsin,2016,annual,115,33.76029277,56.26746245,3654,1476,2896,100.0,100.0,-758,25.182608695652174,55,44.268543,-89.616508
287,wyoming,2016,annual,18,37.62135922,45.60948311,325,155,257,100.0,100.0,-68,14.277777777777779,56,42.755966,-107.30249
288,alabama,2015,annual,27,48.57723577,41.21781934,264,239,253,100.0,100.0,-11,9.37037037037037,1,32.806671,-86.79113
289,arkansas,2015,annual,90,48.55967078,36.93357327,1462,1298,1375,100.0,100.0,-87,15.277777777777779,5,34.969704,-92.373123
290,california,2015,annual,116,25.52732447,37.17566866,32932,11122,32447,100.0,100.0,-485,279.7155172413793,6,36.116203,-119.681564
291,colorado,2015,annual,174,52.7325024,52.61260358,629,550,493,100.0,100.0,-136,2.8333333333333335,8,39.059811,-105.311104
292,connecticut,2015,annual,53,66.12021858,57.33670156,220,242,124,100.0,100.0,-96,2.339622641509434,9,41.597782,-72.755371
293,florida,2015,annual,80,50.38622821,35.28374055,2189,2283,2248,100.0,100.0,59,28.1,12,27.766279,-81.686783
294,georgia,2015,annual,64,40.22863364,50.220461,1192,739,1098,100.0,100.0,-94,17.15625,13,33.040619,-83.643074
295,idaho,2015,annual,34,36.90987124,41.55868824,135,86,147,100.0,100.0,12,4.323529411764706,16,44.240459,-114.478828
296,illinois,2015,annual,99,59.34579439,60.20294172,425,508,348,100.0,100.0,-77,3.515151515151515,17,40.349457,-88.986137
297,indiana,2015,annual,89,48.48883049,44.87800994,334,369,392,100.0,100.0,58,4.404494382022472,18,39.849426,-86.258278
298,iowa,2015,annual,34,75.0547046,60.68373784,359,686,228,100.0,100.0,-131,6.705882352941177,19,42.011539,-93.210526
299,kansas,2015,annual,38,50.14634146,45.94754868,771,514,511,100.0,100.0,-260,13.447368421052632,20,38.5266,-96.726486
300,kentucky,2015,annual,58,52.91181364,54.81041612,356,318,283,100.0,100.0,-73,4.879310344827586,21,37.66814,-84.670067
301,louisiana,2015,annual,15,29.31726908,41.77613574,355,146,352,100.0,100.0,-3,23.466666666666665,22,31.169546,-91.867805
302,maine,2015,annual,99,42.65129683,53.50981294,422,296,398,100.0,100.0,-24,4.02020202020202,23,44.693947,-69.381927
303,maryland,2015,annual,119,50.83333333,52.22189612,464,427,413,100.0,100.0,-51,3.4705882352941178,24,39.063946,-76.802101
304,massachusetts,2015,annual,147,54.37229437,56.19498545,611,628,527,100.0,100.0,-84,3.5850340136054424,25,42.230171,-71.530106
305,michigan,2015,annual,206,27.11798463,53.77444798,7497,2788,7493,100.0,100.0,-4,36.37378640776699,26,43.326618,-84.536095
306,minnesota,2015,annual,62,62.22596965,67.11333479,255,369,224,100.0,100.0,-31,3.6129032258064515,27,45.694454,-93.900192
307,missouri,2015,annual,91,35.25098703,45.76883586,1101,625,1148,100.0,100.0,47,12.615384615384615,29,38.456085,-92.288368
308,montana,2015,annual,19,37.61131482,45.03974886,1769,718,1191,100.0,100.0,-578,62.68421052631579,30,46.921925,-110.454353
309,new_hampshire,2015,annual,38,46.50205761,57.39761442,129,113,130,100.0,100.0,1,3.4210526315789473,33,43.452492,-71.563896
310,new_jersey,2015,annual,89,40.0295421,40.40666586,403,271,406,100.0,100.0,3,4.561797752808989,34,40.298904,-74.521011
311,new_mexico,2015,annual,20,29.19708029,34.5,86,40,97,100.0,100.0,11,4.85,35,34.840515,-106.248482
312,new_york,2015,annual,137,30.8614441,45.04397661,2148,1107,2480,100.0,100.0,332,18.1021897810219,36,42.165726,-74.948051
313,north_carolina,2015,annual,275,18.83998913,40.78707409,10455,2774,11950,100.0,100.0,1495,43.45454545454545,37,35.630066,-79.806419
314,ohio,2015,annual,263,50.57627119,51.4529705,1374,1492,1458,100.0,100.0,84,5.5437262357414445,39,40.388783,-82.764915
315,oklahoma,2015,annual,32,49.86225895,42.79533126,237,181,182,100.0,100.0,-55,5.6875,40,35.565342,-96.928917
316,oregon,2015,annual,134,33.40866716,37.32742565,8778,5913,11786,100.0,100.0,3008,87.95522388059702,41,44.572021,-122.070938
317,pennsylvania,2015,annual,665,59.15877348,58.29776283,3412,3685,2544,100.0,100.0,-868,3.825563909774436,42,40.590752,-77.209755
318,rhode_island,2015,annual,16,49.51456311,46.14583333,71,51,52,100.0,100.0,-19,3.25,44,41.680893,-71.51178
319,south_carolina,2015,annual,63,40.38748137,42.97669699,381,271,400,100.0,100.0,19,6.349206349206349,45,33.856892,-80.945007
320,tennessee,2015,annual,70,33.83878691,46.12186258,766,424,829,100.0,100.0,63,11.842857142857143,47,35.747845,-86.692345
321,texas,2015,annual,119,49.16666667,27.0535297,3021,3186,3294,100.0,100.0,273,27.680672268907564,48,31.054487,-97.563461
322,utah,2015,annual,34,57.75862069,51.08624219,147,134,98,100.0,100.0,-49,2.8823529411764706,49,40.150032,-111.862434
323,vermont,2015,annual,46,31.61764706,36.32986452,260,129,279,100.0,100.0,19,6.065217391304348,50,44.045876,-72.710686
324,virginia,2015,annual,581,46.08466769,48.17821113,2801,2101,2458,100.0,100.0,-343,4.230636833046471,51,37.769337,-78.169968
325,washington,2015,annual,117,40.56603774,52.76049149,585,430,630,100.0,100.0,45,5.384615384615385,53,47.400902,-121.490494
326,west_virginia,2015,annual,41,31.56146179,36.07286416,187,95,206,100.0,100.0,19,5.024390243902439,54,38.491226,-80.954453
327,wisconsin,2015,annual,115,56.59229209,63.72864053,1643,1674,1284,100.0,100.0,-359,11.165217391304347,55,44.268543,-89.616508
328,alabama,2014,annual,31,35.69321534,30.12107259,221,121,218,100.0,100.0,-3,7.032258064516129,1,32.806671,-86.79113
329,arkansas,2014,annual,52,58.60215054,43.27394587,402,436,308,100.0,100.0,-94,5.923076923076923,5,34.969704,-92.373123
330,california,2014,annual,166,35.98823942,46.78967006,12396,8201,14587,100.0,100.0,2191,87.87349397590361,6,36.116203,-119.681564
331,colorado,2014,annual,170,41.54334038,45.47643369,612,393,553,100.0,100.0,-59,3.2529411764705882,8,39.059811,-105.311104
332,connecticut,2014,annual,59,46.05263158,54.529872,235,175,205,100.0,100.0,-30,3.4745762711864407,9,41.597782,-72.755371
333,delaware,2014,annual,16,43.58974359,43.89136905,60,34,44,100.0,100.0,-16,2.75,10,39.318523,-75.507141
334,florida,2014,annual,121,37.75752051,35.95805682,3242,2071,3414,100.0,100.0,172,28.214876033057852,12,27.766279,-81.686783
335,georgia,2014,annual,80,26.55131265,39.62680838,1189,445,1231,100.0,100.0,42,15.3875,13,33.040619,-83.643074
336,idaho,2014,annual,19,16.13288719,40.36836959,6050,1350,7018,100.0,100.0,968,369.36842105263156,16,44.240459,-114.478828
337,illinois,2014,annual,121,66.22137405,65.56108493,660,694,354,100.0,100.0,-306,2.925619834710744,17,40.349457,-88.986137
338,indiana,2014,annual,167,71.10890104,68.9480755,1220,1430,581,100.0,100.0,-639,3.4790419161676644,18,39.849426,-86.258278
339,iowa,2014,annual,53,76.52714932,60.21556482,724,1353,415,100.0,100.0,-309,7.830188679245283,19,42.011539,-93.210526
340,kansas,2014,annual,37,36.29976581,40.55534715,270,155,272,100.0,100.0,2,7.351351351351352,20,38.5266,-96.726486
341,kentucky,2014,annual,90,47.74368231,50.0896851,807,529,579,100.0,100.0,-228,6.433333333333334,21,37.66814,-84.670067
342,louisiana,2014,annual,19,38.99568458,32.51614613,2269,994,1555,100.0,100.0,-714,81.84210526315789,22,31.169546,-91.867805
343,maine,2014,annual,134,40.86317723,46.94062234,620,445,644,100.0,100.0,24,4.8059701492537314,23,44.693947,-69.381927
344,maryland,2014,annual,136,46.82814302,50.93950372,1066,812,922,100.0,100.0,-144,6.779411764705882,24,39.063946,-76.802101
345,massachusetts,2014,annual,138,38.36509529,56.59449667,1352,765,1229,100.0,100.0,-123,8.905797101449275,25,42.230171,-71.530106
346,michigan,2014,annual,320,63.35299073,73.4406302,2522,3008,1740,100.0,100.0,-782,5.4375,26,43.326618,-84.536095
347,minnesota,2014,annual,80,57.77703605,68.5220011,1269,1731,1265,100.0,100.0,-4,15.8125,27,45.694454,-93.900192
348,mississippi,2014,annual,15,26.84824903,30.94344624,172,69,188,100.0,100.0,16,12.533333333333333,28,32.741646,-89.678696
349,missouri,2014,annual,77,38.60544218,39.88085493,823,454,722,100.0,100.0,-101,9.376623376623376,29,38.456085,-92.288368
350,montana,2014,annual,16,38.65546218,39.22138799,53,46,73,100.0,100.0,20,4.5625,30,46.921925,-110.454353
351,new_hampshire,2014,annual,55,62.71186441,61.61580728,156,185,110,100.0,100.0,-46,2.0,33,43.452492,-71.563896
352,new_jersey,2014,annual,159,44.9930459,42.40469454,869,647,791,100.0,100.0,-78,4.9748427672955975,34,40.298904,-74.521011
353,new_mexico,2014,annual,18,32.5203252,33.60890653,59,40,83,100.0,100.0,24,4.611111111111111,35,34.840515,-106.248482
354,new_york,2014,annual,151,55.51630435,54.04334572,1996,2043,1637,100.0,100.0,-359,10.841059602649006,36,42.165726,-74.948051
355,north_carolina,2014,annual,292,27.20395694,41.15479358,7822,2805,7506,100.0,100.0,-316,25.705479452054796,37,35.630066,-79.806419
356,ohio,2014,annual,397,61.61731207,60.58196179,1876,2164,1348,100.0,100.0,-528,3.395465994962217,39,40.388783,-82.764915
357,oklahoma,2014,annual,25,21.875,34.86190476,118,49,175,100.0,100.0,57,7.0,40,35.565342,-96.928917
358,oregon,2014,annual,159,48.31460674,44.94246864,544,430,460,100.0,100.0,-84,2.893081761006289,41,44.572021,-122.070938
359,pennsylvania,2014,annual,811,49.20590302,54.45767221,4328,3501,3614,100.0,100.0,-714,4.456226880394575,42,40.590752,-77.209755
360,rhode_island,2014,annual,16,34.56790123,45.83333333,63,28,53,100.0,100.0,-10,3.3125,44,41.680893,-71.51178
361,south_carolina,2014,annual,135,35.79126489,38.2499097,909,631,1132,100.0,100.0,223,8.385185185185184,45,33.856892,-80.945007
362,tennessee,2014,annual,86,38.94500561,41.9302036,547,347,544,100.0,100.0,-3,6.325581395348837,47,35.747845,-86.692345
363,texas,2014,annual,59,54.98998665,32.75145064,2622,3295,2697,100.0,100.0,75,45.71186440677966,48,31.054487,-97.563461
364,utah,2014,annual,42,38.46153846,44.21635787,171,95,152,100.0,100.0,-19,3.619047619047619,49,40.150032,-111.862434
365,vermont,2014,annual,78,53.60878661,56.44476122,1293,1025,887,100.0,100.0,-406,11.371794871794872,50,44.045876,-72.710686
366,virginia,2014,annual,625,41.55349453,43.19632381,3751,2509,3529,100.0,100.0,-222,5.6464,51,37.769337,-78.169968
367,washington,2014,annual,106,42.03338392,42.88855395,716,554,764,100.0,100.0,48,7.2075471698113205,53,47.400902,-121.490494
368,west_virginia,2014,annual,59,55.11221945,44.97678076,550,442,360,100.0,100.0,-190,6.101694915254237,54,38.491226,-80.954453
369,wisconsin,2014,annual,117,63.10940499,69.51661597,1263,1644,961,100.0,100.0,-302,8.213675213675213,55,44.268543,-89.616508
370,alabama,2013,annual,34,32.0754717,22.64535017,269,136,288,100.0,100.0,19,8.470588235294118,1,32.806671,-86.79113
371,arkansas,2013,annual,36,28.54609929,30.33622825,1262,644,1612,100.0,100.0,350,44.77777777777778,5,34.969704,-92.373123
372,california,2013,annual,136,42.21610738,48.47788988,45716,31451,43049,100.0,100.0,-2667,316.5367647058824,6,36.116203,-119.681564
373,colorado,2013,annual,161,51.39513951,43.50391801,673,571,540,100.0,100.0,-133,3.3540372670807455,8,39.059811,-105.311104
374,connecticut,2013,annual,52,62.4,55.71804296,353,468,282,100.0,100.0,-71,5.423076923076923,9,41.597782,-72.755371
375,delaware,2013,annual,19,62.67605634,48.89819245,117,178,106,100.0,100.0,-11,5.578947368421052,10,39.318523,-75.507141
376,florida,2013,annual,75,25.89687727,31.80445542,4616,1783,5102,100.0,100.0,486,68.02666666666667,12,27.766279,-81.686783
377,georgia,2013,annual,60,33.0134357,37.65062561,570,344,698,100.0,100.0,128,11.633333333333333,13,33.040619,-83.643074
378,idaho,2013,annual,15,26.24113475,57.9298592,1042,370,1040,100.0,100.0,-2,69.33333333333333,16,44.240459,-114.478828
379,illinois,2013,annual,127,49.28684628,50.34898076,685,622,640,100.0,100.0,-45,5.039370078740157,17,40.349457,-88.986137
380,indiana,2013,annual,104,35.01144165,40.76339376,704,459,852,100.0,100.0,148,8.192307692307692,18,39.849426,-86.258278
381,iowa,2013,annual,40,52.12504391,54.49242887,1586,1484,1363,100.0,100.0,-223,34.075,19,42.011539,-93.210526
382,kansas,2013,annual,34,40.63157895,42.25938047,314,193,282,100.0,100.0,-32,8.294117647058824,20,38.5266,-96.726486
383,kentucky,2013,annual,43,45.49763033,56.6348266,384,288,345,100.0,100.0,-39,8.023255813953488,21,37.66814,-84.670067
384,louisiana,2013,annual,13,41.19760479,23.83681489,488,344,491,100.0,100.0,3,37.76923076923077,22,31.169546,-91.867805
385,maine,2013,annual,95,36.06217617,50.43488745,596,348,617,100.0,100.0,21,6.494736842105263,23,44.693947,-69.381927
386,maryland,2013,annual,172,63.58525921,60.35888143,905,1018,583,100.0,100.0,-322,3.38953488372093,24,39.063946,-76.802101
387,massachusetts,2013,annual,147,61.44067797,59.93968605,507,580,364,100.0,100.0,-143,2.4761904761904763,25,42.230171,-71.530106
388,michigan,2013,annual,198,66.66666667,63.18949003,2200,2472,1236,100.0,100.0,-964,6.242424242424242,26,43.326618,-84.536095
389,minnesota,2013,annual,62,64.66296207,73.71724952,9645,13382,7313,100.0,100.0,-2332,117.95161290322581,27,45.694454,-93.900192
390,mississippi,2013,annual,21,37.7372817,36.3459975,776,497,820,100.0,100.0,44,39.04761904761905,28,32.741646,-89.678696
391,missouri,2013,annual,72,38.40399002,35.11756625,515,308,494,100.0,100.0,-21,6.861111111111111,29,38.456085,-92.288368
392,montana,2013,annual,15,46.59090909,62.80952381,68,41,47,100.0,100.0,-21,3.1333333333333333,30,46.921925,-110.454353
393,new_hampshire,2013,annual,57,36.51226158,52.92537961,511,268,466,100.0,100.0,-45,8.175438596491228,33,43.452492,-71.563896
394,new_jersey,2013,annual,55,48.83116883,49.4745602,210,188,197,100.0,100.0,-13,3.581818181818182,34,40.298904,-74.521011
395,new_york,2013,annual,161,48.32351609,49.2799731,2783,2133,2281,100.0,100.0,-502,14.167701863354038,36,42.165726,-74.948051
396,north_carolina,2013,annual,306,16.35560296,46.53666368,9878,2147,10980,100.0,100.0,1102,35.88235294117647,37,35.630066,-79.806419
397,ohio,2013,annual,180,52.77215702,52.4396465,1434,1304,1167,100.0,100.0,-267,6.483333333333333,39,40.388783,-82.764915
398,oklahoma,2013,annual,27,46.875,34.23815793,320,180,204,100.0,100.0,-116,7.555555555555555,40,35.565342,-96.928917
399,oregon,2013,annual,110,39.48356378,45.91734584,6413,4312,6609,100.0,100.0,196,60.08181818181818,41,44.572021,-122.070938
400,pennsylvania,2013,annual,334,48.55801476,55.59709176,2645,2172,2301,100.0,100.0,-344,6.889221556886228,42,40.590752,-77.209755
401,rhode_island,2013,annual,11,40.35087719,41.63338187,49,46,68,100.0,100.0,19,6.181818181818182,44,41.680893,-71.51178
402,south_carolina,2013,annual,65,46.79029957,45.68434578,379,328,373,100.0,100.0,-6,5.7384615384615385,45,33.856892,-80.945007
403,tennessee,2013,annual,50,38.08095952,36.56160893,348,254,413,100.0,100.0,65,8.26,47,35.747845,-86.692345
404,texas,2013,annual,40,25.8493353,26.7769576,408,175,502,100.0,100.0,94,12.55,48,31.054487,-97.563461
405,utah,2013,annual,38,73.61853832,60.4433131,289,413,148,100.0,100.0,-141,3.8947368421052633,49,40.150032,-111.862434
406,vermont,2013,annual,36,31.16496599,44.42026806,1300,733,1619,100.0,100.0,319,44.97222222222222,50,44.045876,-72.710686
407,virginia,2013,annual,456,48.41815681,49.51866479,2672,2112,2250,100.0,100.0,-422,4.934210526315789,51,37.769337,-78.169968
408,washington,2013,annual,96,44.54756381,52.94562636,662,576,717,100.0,100.0,55,7.46875,53,47.400902,-121.490494
409,west_virginia,2013,annual,56,33.83838384,40.35357132,406,201,393,100.0,100.0,-13,7.017857142857143,54,38.491226,-80.954453
410,wisconsin,2013,annual,118,65.93536211,68.73192917,2588,2795,1444,100.0,100.0,-1144,12.23728813559322,55,44.268543,-89.616508
411,alabama,2012,annual,24,26.79509632,17.05919019,387,153,418,100.0,100.0,31,17.416666666666668,1,32.806671,-86.79113
412,arkansas,2012,annual,24,38.29787234,39.9599209,208,108,174,100.0,100.0,-34,7.25,5,34.969704,-92.373123
413,california,2012,annual,154,21.38398312,37.96259887,33265,9626,35389,100.0,100.0,2124,229.7987012987013,6,36.116203,-119.681564
414,colorado,2012,annual,68,43.90581717,47.08431566,419,317,405,100.0,100.0,-14,5.955882352941177,8,39.059811,-105.311104
415,connecticut,2012,annual,27,35.29411765,30.30072808,102,78,143,100.0,100.0,41,5.296296296296297,9,41.597782,-72.755371
416,delaware,2012,annual,18,34.36123348,28.21383696,110,78,149,100.0,100.0,39,8.277777777777779,10,39.318523,-75.507141
417,florida,2012,annual,69,25.52454283,25.35530897,3449,1326,3869,100.0,100.0,420,56.072463768115945,12,27.766279,-81.686783
418,georgia,2012,annual,90,33.74485597,28.11112201,750,410,805,100.0,100.0,55,8.944444444444445,13,33.040619,-83.643074
419,idaho,2012,annual,18,31.03448276,33.71489621,73,45,100,100.0,100.0,27,5.555555555555555,16,44.240459,-114.478828
420,illinois,2012,annual,53,46.0982659,37.94357932,320,319,373,100.0,100.0,53,7.037735849056604,17,40.349457,-88.986137
421,indiana,2012,annual,59,19.1576087,23.65278853,405,141,595,100.0,100.0,190,10.084745762711865,18,39.849426,-86.258278
422,iowa,2012,annual,23,25.21489971,19.82672601,171,88,261,100.0,100.0,90,11.347826086956522,19,42.011539,-93.210526
423,kansas,2012,annual,13,28.1124498,23.29121021,154,70,179,100.0,100.0,25,13.76923076923077,20,38.5266,-96.726486
424,kentucky,2012,annual,29,37.32394366,31.82440696,361,318,534,100.0,100.0,173,18.413793103448278,21,37.66814,-84.670067
425,louisiana,2012,annual,14,50.32786885,43.0902192,891,921,909,100.0,100.0,18,64.92857142857143,22,31.169546,-91.867805
426,maine,2012,annual,71,21.85061315,19.80332265,459,196,701,100.0,100.0,242,9.873239436619718,23,44.693947,-69.381927
427,maryland,2012,annual,199,32.06562267,26.79139904,760,430,911,100.0,100.0,151,4.577889447236181,24,39.063946,-76.802101
428,massachusetts,2012,annual,123,39.64705882,35.35714698,451,337,513,100.0,100.0,62,4.170731707317073,25,42.230171,-71.530106
429,michigan,2012,annual,116,36.92059653,34.77116674,1003,916,1565,100.0,100.0,562,13.491379310344827,26,43.326618,-84.536095
430,minnesota,2012,annual,32,37.71929825,43.13044526,375,258,426,100.0,100.0,51,13.3125,27,45.694454,-93.900192
431,missouri,2012,annual,54,21.47651007,17.05964587,315,128,468,100.0,100.0,153,8.666666666666666,29,38.456085,-92.288368
432,new_hampshire,2012,annual,30,29.41176471,27.60921243,299,150,360,100.0,100.0,61,12.0,33,43.452492,-71.563896
433,new_jersey,2012,annual,40,22.05270458,22.94962009,340,159,562,100.0,100.0,222,14.05,34,40.298904,-74.521011
434,new_york,2012,annual,114,30.37300178,32.45986915,1079,684,1568,100.0,100.0,489,13.75438596491228,36,42.165726,-74.948051
435,north_carolina,2012,annual,286,22.12847201,28.45326738,12596,3593,12644,100.0,100.0,48,44.20979020979021,37,35.630066,-79.806419
436,ohio,2012,annual,143,40.68278805,29.90785839,1445,1430,2085,100.0,100.0,640,14.58041958041958,39,40.388783,-82.764915
437,oklahoma,2012,annual,19,37.88819876,43.67623604,106,61,100,100.0,100.0,-6,5.2631578947368425,40,35.565342,-96.928917
438,oregon,2012,annual,72,32.16666667,41.67033843,3186,1737,3663,100.0,100.0,477,50.875,41,44.572021,-122.070938
439,pennsylvania,2012,annual,382,35.8894975,30.51737097,2496,1507,2692,100.0,100.0,196,7.047120418848167,42,40.590752,-77.209755
440,rhode_island,2012,annual,18,18.60465116,19.42039442,56,16,70,100.0,100.0,14,3.888888888888889,44,41.680893,-71.51178
441,south_carolina,2012,annual,58,33.02631579,34.23347933,445,251,509,100.0,100.0,64,8.775862068965518,45,33.856892,-80.945007
442,tennessee,2012,annual,68,22.06673843,18.47130097,483,205,724,100.0,100.0,241,10.647058823529411,47,35.747845,-86.692345
443,texas,2012,annual,24,45.82677165,29.10780408,488,291,344,100.0,100.0,-144,14.333333333333334,48,31.054487,-97.563461
444,utah,2012,annual,48,46.19422572,55.15013343,183,176,205,100.0,100.0,22,4.270833333333333,49,40.150032,-111.862434
445,vermont,2012,annual,47,39.49579832,37.70313917,245,188,288,100.0,100.0,43,6.127659574468085,50,44.045876,-72.710686
446,virginia,2012,annual,310,27.70137525,25.1103538,1607,846,2208,100.0,100.0,601,7.122580645161291,51,37.769337,-78.169968
447,washington,2012,annual,68,31.67366527,45.68188661,933,528,1139,100.0,100.0,206,16.75,53,47.400902,-121.490494
448,west_virginia,2012,annual,30,22.22222222,24.81049642,123,44,154,100.0,100.0,31,5.133333333333334,54,38.491226,-80.954453
449,wisconsin,2012,annual,75,37.0110331,41.38985095,442,369,628,100.0,100.0,186,8.373333333333333,55,44.268543,-89.616508
450,alabama,2011,annual,18,13.18181818,25.7366029,295,58,382,100.0,100.0,87,21.22222222222222,1,32.806671,-86.79113
451,arkansas,2011,annual,12,38.98305085,22.01797386,39,23,36,100.0,100.0,-3,3.0,5,34.969704,-92.373123
452,california,2011,annual,113,32.52551906,41.31746152,9988,4684,9717,100.0,100.0,-271,85.99115044247787,6,36.116203,-119.681564
453,colorado,2011,annual,60,35.82608696,33.57923072,321,206,369,100.0,100.0,48,6.15,8,39.059811,-105.311104
454,connecticut,2011,annual,36,57.08333333,47.97158089,148,137,103,100.0,100.0,-45,2.861111111111111,9,41.597782,-72.755371
455,florida,2011,annual,51,26.94684796,30.19214861,388,218,591,100.0,100.0,203,11.588235294117647,12,27.766279,-81.686783
456,georgia,2011,annual,58,42.37918216,28.98599855,252,228,310,100.0,100.0,58,5.344827586206897,13,33.040619,-83.643074
457,idaho,2011,annual,11,46.15384615,58.28434723,28,24,28,100.0,100.0,0,2.5454545454545454,16,44.240459,-114.478828
458,illinois,2011,annual,52,41.92439863,48.68717889,322,244,338,100.0,100.0,16,6.5,17,40.349457,-88.986137
459,indiana,2011,annual,58,39.55823293,39.94953248,258,197,301,100.0,100.0,43,5.189655172413793,18,39.849426,-86.258278
460,iowa,2011,annual,12,80.625,51.15785133,126,516,124,100.0,100.0,-2,10.333333333333334,19,42.011539,-93.210526
461,kentucky,2011,annual,20,34.06326034,43.00087334,254,140,271,100.0,100.0,17,13.55,21,37.66814,-84.670067
462,maine,2011,annual,39,49.82078853,63.52367718,156,139,140,100.0,100.0,-16,3.58974358974359,23,44.693947,-69.381927
463,maryland,2011,annual,81,46.90026954,41.46866141,369,348,394,100.0,100.0,25,4.864197530864198,24,39.063946,-76.802101
464,massachusetts,2011,annual,73,61.06382979,58.55729506,252,287,183,100.0,100.0,-69,2.506849315068493,25,42.230171,-71.530106
465,michigan,2011,annual,92,75.02948113,63.74794852,1290,2545,847,100.0,100.0,-443,9.206521739130435,26,43.326618,-84.536095
466,minnesota,2011,annual,21,59.33926302,65.02170686,309,467,320,100.0,100.0,11,15.238095238095237,27,45.694454,-93.900192
467,missouri,2011,annual,69,27.13068182,32.03460871,366,191,513,100.0,100.0,147,7.434782608695652,29,38.456085,-92.288368
468,new_hampshire,2011,annual,28,35.35791757,62.37329749,305,163,298,100.0,100.0,-7,10.642857142857142,33,43.452492,-71.563896
469,new_jersey,2011,annual,36,28.10218978,26.74170522,168,77,197,100.0,100.0,29,5.472222222222222,34,40.298904,-74.521011
470,new_york,2011,annual,68,49.20634921,55.00761243,414,372,384,100.0,100.0,-30,5.647058823529412,36,42.165726,-74.948051
471,north_carolina,2011,annual,312,20.42741165,31.75183722,7063,1711,6665,100.0,100.0,-398,21.362179487179485,37,35.630066,-79.806419
472,ohio,2011,annual,110,39.78609626,37.51378403,424,372,563,100.0,100.0,139,5.118181818181818,39,40.388783,-82.764915
473,oklahoma,2011,annual,12,32.31511254,34.38173507,306,201,421,100.0,100.0,115,35.083333333333336,40,35.565342,-96.928917
474,oregon,2011,annual,67,37.91574279,31.55388071,266,171,280,100.0,100.0,14,4.17910447761194,41,44.572021,-122.070938
475,pennsylvania,2011,annual,201,48.78930249,50.50540828,1512,1350,1417,100.0,100.0,-95,7.0497512437810945,42,40.590752,-77.209755
476,rhode_island,2011,annual,24,49.07407407,52.47679647,81,53,55,100.0,100.0,-26,2.2916666666666665,44,41.680893,-71.51178
477,south_carolina,2011,annual,37,35.33834586,30.39285796,221,141,258,100.0,100.0,37,6.972972972972973,45,33.856892,-80.945007
478,tennessee,2011,annual,39,26.97368421,30.47849091,214,82,222,100.0,100.0,8,5.6923076923076925,47,35.747845,-86.692345
479,texas,2011,annual,28,39.95345229,16.54498254,772,515,774,100.0,100.0,2,27.642857142857142,48,31.054487,-97.563461
480,utah,2011,annual,44,35.86956522,33.69047619,154,99,177,100.0,100.0,23,4.0227272727272725,49,40.150032,-111.862434
481,vermont,2011,annual,31,44.2804428,41.19909873,149,120,151,100.0,100.0,2,4.870967741935484,50,44.045876,-72.710686
482,virginia,2011,annual,167,40.86181278,34.15624611,760,550,796,100.0,100.0,36,4.766467065868263,51,37.769337,-78.169968
483,washington,2011,annual,61,36.02693603,38.04790133,340,214,380,100.0,100.0,40,6.229508196721311,53,47.400902,-121.490494
484,west_virginia,2011,annual,23,41.25,36.88173293,94,66,94,100.0,100.0,0,4.086956521739131,54,38.491226,-80.954453
485,wisconsin,2011,annual,46,41.83783784,52.74206437,529,387,538,100.0,100.0,9,11.695652173913043,55,44.268543,-89.616508
